experience,test_score(out of 10),interview_score(out of 10),salary($),Predicted Salary
5.0,8.0,9,50000,65573.68195056485
5.0,8.0,6,45000,56974.658610600825
5.0,6.0,7,60000,59776.553048882415
2.0,10.0,10,65000,60637.80810868914
7.0,9.0,6,70000,62251.323034945235
3.0,7.0,10,62000,63163.35863954178
10.0,7.857142857142857,7,72000,72947.4991070521
5.0,7.0,8,80000,62675.11749972364
